First Name,Last Nmae,Email ID,Address,Date of Birth,Social Security Number,Company,Salary,Password
Shelby,Drake,nguyenjames@example.com,"562 Young Rapids, Port Melanie, AS 95106",1995-05-12,631-02-8035,Harris and Sons,6675,iBYK1q0v
Ronald,Boyd,sarah37@example.org,"356 Luke Via Apt. 460, South Jennifermouth, PW 50274",1988-04-14,097-44-1292,Campbell-Jones,69608,9QEtcXNF
John,Estrada,brian81@example.org,"354 Thomas Island Suite 189, New Douglas, NM 14204",1979-01-12,541-04-3407,Cooper-Carlson,34171,O7BS05Bb
William,Brown,gschmidt@example.com,"196 Logan Estates Apt. 076, West Megan, FL 59061",1994-10-05,687-29-9224,"Santos, Dixon and Harris",45830,Tz6Aqmz4
Shannon,Daniel,ericrobertson@example.org,"7358 Angela Springs Apt. 784, North Miranda, CA 52768",1985-12-19,315-80-0534,Miller-Clark,6278,XrHhoymf
Jonathan,Lewis,elliottann@example.org,"8787 Anderson Loop, West Robert, DE 69949",1973-01-29,811-84-7099,Thompson PLC,63768,3IDifNJJ
Jennifer,Houston,ejohnson@example.com,"17516 Jennifer Orchard Apt. 967, Katherinehaven, CO 95452",1962-11-01,028-59-7897,"Miller, Mercado and Cruz",64828,RGGGcma8
Savannah,Davis,richard62@example.org,"4722 James Grove Apt. 711, East Robertbury, PA 76307",1973-07-05,820-13-9613,Hicks-Martin,41532,mzEgl8NO
Daniel,Vance,zhall@example.com,"983 Thomas Points Apt. 747, Lake Michelleport, VT 47605",1976-05-25,701-59-9463,Romero-Mayer,26676,lAcLayQ1
Melissa,Stone,emorton@example.com,"83483 Young Glen, South Eric, CA 72935",1960-07-24,324-94-6699,Baker-Davis,75663,H71X4JyA
